Element, g_handles_back.hash, g_handles_back.index
0, 11520, 0
1, 8960, 1
2, 9216, 2
3, 9216, 3
4, 8704, 4
5, 8704, 5
6, 8704, 6
7, 8960, 7
8, 11520, 8
9, 8960, 9
10, 9216, 10
11, 9216, 11
12, 8704, 12
13, 8704, 13
14, 8704, 14
15, 8960, 15
16, 28672, 16
17, 24576, 17
18, 24832, 18
19, 24832, 19
20, 24832, 20
21, 24832, 21
22, 24832, 22
23, 25088, 23
24, 28672, 24
25, 24576, 25
26, 24832, 26
27, 24832, 27
28, 24832, 28
29, 24832, 29
30, 24832, 30
31, 25088, 31
32, 44800, 32
33, 41216, 33
34, 40960, 34
35, 40960, 35
36, 41472, 36
37, 41472, 37
38, 41472, 38
39, 41216, 39
40, 44800, 40
41, 41216, 41
42, 40960, 42
43, 40960, 43
44, 41472, 44
45, 41472, 45
46, 41472, 46
47, 41216, 47
48, 61184, 48
49, 57600, 49
50, 57856, 50
51, 57856, 51
52, 57344, 52
53, 57344, 53
54, 57344, 54
55, 57600, 55
56, 61184, 56
57, 57600, 57
58, 57856, 58
59, 57856, 59
60, 57344, 60
61, 57344, 61
62, 57344, 62
63, 57600, 63
64, 11776, 64
65, 8704, 65
66, 8448, 66
67, 8448, 67
68, 8448, 68
69, 8448, 69
70, 8448, 70
71, 8192, 71
72, 11776, 72
73, 8704, 73
74, 8448, 74
75, 8448, 75
76, 8448, 76
77, 8448, 77
78, 8448, 78
79, 8192, 79
80, 11776, 80
81, 8704, 81
82, 8448, 82
83, 8448, 83
84, 8448, 84
85, 8448, 85
86, 8448, 86
87, 8192, 87
88, 27136, 88
89, 26112, 89
90, 26368, 90
91, 26368, 91
92, 26368, 92
93, 26368, 93
94, 26368, 94
95, 26624, 95
96, 27136, 96
97, 26112, 97
98, 26368, 98
99, 26368, 99
100, 26368, 100
101, 26368, 101
102, 26368, 102
103, 26624, 103
104, 43264, 104
105, 42752, 105
106, 43008, 106
107, 43008, 107
108, 42496, 108
109, 42496, 109
110, 42496, 110
111, 42752, 111
112, 43264, 112
113, 42752, 113
114, 43008, 114
115, 43008, 115
116, 42496, 116
117, 42496, 117
118, 42496, 118
119, 42752, 119
120, 59392, 120
121, 59392, 121
122, 59136, 122
123, 59136, 123
124, 59136, 124
125, 59136, 125
126, 59136, 126
127, 58880, 127
128, 21248, 128
129, 23808, 129
130, 23552, 130
131, 23552, 131
132, 24064, 132
133, 24064, 133
134, 24064, 134
135, 23808, 135
136, 21248, 136
137, 23808, 137
138, 23552, 138
139, 23552, 139
140, 24064, 140
141, 24064, 141
142, 24064, 142
143, 23808, 143
144, 4096, 144
145, 8192, 145
146, 7936, 146
147, 7936, 147
148, 7936, 148
149, 7936, 149
150, 7936, 150
151, 7680, 151
152, 4096, 152
153, 8192, 153
154, 7936, 154
155, 7936, 155
156, 7936, 156
157, 7936, 157
158, 7936, 158
159, 7680, 159
160, 53504, 160
161, 57088, 161
162, 57344, 162
163, 57344, 163
164, 56832, 164
165, 56832, 165
166, 56832, 166
167, 57088, 167
168, 53504, 168
169, 57088, 169
170, 57344, 170
171, 57344, 171
172, 56832, 172
173, 56832, 173
174, 56832, 174
175, 57088, 175
176, 37120, 176
177, 40704, 177
178, 40448, 178
179, 40448, 179
180, 40960, 180
181, 40960, 181
182, 40960, 182
183, 40704, 183
184, 37120, 184
185, 40704, 185
186, 40448, 186
187, 40448, 187
188, 40960, 188
189, 40960, 189
190, 40960, 190
191, 40704, 191
192, 20992, 192
193, 24064, 193
194, 24320, 194
195, 24320, 195
196, 24320, 196
197, 24320, 197
198, 24320, 198
199, 24576, 199
200, 20992, 200
201, 24064, 201
202, 24320, 202
203, 24320, 203
204, 24320, 204
205, 24320, 205
206, 24320, 206
207, 24576, 207
208, 20992, 208
209, 24064, 209
210, 24320, 210
211, 24320, 211
212, 24320, 212
213, 24320, 213
214, 24320, 214
215, 24576, 215
216, 5632, 216
217, 6656, 217
218, 6400, 218
219, 6400, 219
220, 6400, 220
221, 6400, 221
222, 6400, 222
223, 6144, 223
224, 5632, 224
225, 6656, 225
226, 6400, 226
227, 6400, 227
228, 6400, 228
229, 6400, 229
230, 6400, 230
231, 6144, 231
232, 55040, 232
233, 55552, 233
234, 55296, 234
235, 55296, 235
236, 55808, 236
237, 55808, 237
238, 55808, 238
239, 55552, 239
240, 55040, 240
241, 55552, 241
242, 55296, 242
243, 55296, 243
244, 55808, 244
245, 55808, 245
246, 55808, 246
247, 55552, 247
248, 38912, 248
249, 38912, 249
250, 39168, 250
251, 39168, 251
252, 39168, 252
253, 39168, 253
254, 39168, 254
255, 39424, 255
256, 18432, 256
257, 18432, 257
258, 18688, 258
259, 18688, 259
260, 18688, 260
261, 18688, 261
262, 18688, 262
263, 18944, 263
264, 18432, 264
265, 18432, 265
266, 18688, 266
267, 18688, 267
268, 18688, 268
269, 18688, 269
270, 18688, 270
271, 18944, 271
272, 1280, 272
273, 2816, 273
274, 3072, 274
275, 3072, 275
276, 2560, 276
277, 2560, 277
278, 2560, 278
279, 2816, 279
280, 1280, 280
281, 2816, 281
282, 3072, 282
283, 3072, 283
284, 2560, 284
285, 2560, 285
286, 2560, 286
287, 2816, 287
288, 50176, 288
289, 52224, 289
290, 51968, 290
291, 51968, 291
292, 51968, 292
293, 51968, 293
294, 51968, 294
295, 51712, 295
296, 50176, 296
297, 52224, 297
298, 51968, 298
299, 51968, 299
300, 51968, 300
301, 51968, 301
302, 51968, 302
303, 51712, 303
304, 34304, 304
305, 35328, 305
306, 35584, 306
307, 35584, 307
308, 35584, 308
309, 35584, 309
310, 35584, 310
311, 35840, 311
312, 34304, 312
313, 35328, 313
314, 35584, 314
315, 35584, 315
316, 35584, 316
317, 35584, 317
318, 35584, 318
319, 35840, 319
320, 17664, 320
321, 19200, 321
322, 18944, 322
323, 18944, 323
324, 19456, 324
325, 19456, 325
326, 19456, 326
327, 19200, 327
328, 17664, 328
329, 19200, 329
330, 18944, 330
331, 18944, 331
332, 19456, 332
333, 19456, 333
334, 19456, 334
335, 19200, 335
336, 17664, 336
337, 19200, 337
338, 18944, 338
339, 18944, 339
340, 19456, 340
341, 19456, 341
342, 19456, 342
343, 19200, 343
344, 768, 344
345, 3328, 345
346, 3584, 346
347, 3584, 347
348, 3072, 348
349, 3072, 349
350, 3072, 350
351, 3328, 351
352, 768, 352
353, 3328, 353
354, 3584, 354
355, 3584, 355
356, 3072, 356
357, 3072, 357
358, 3072, 358
359, 3328, 359
360, 50176, 360
361, 52224, 361
362, 52480, 362
363, 52480, 363
364, 52480, 364
365, 52480, 365
366, 52480, 366
367, 52736, 367
368, 50176, 368
369, 52224, 369
370, 52480, 370
371, 52480, 371
372, 52480, 372
373, 52480, 373
374, 52480, 374
375, 52736, 375
376, 33536, 376
377, 36096, 377
378, 35840, 378
379, 35840, 379
380, 36352, 380
381, 36352, 381
382, 36352, 382
383, 36096, 383
384, 17664, 386
385, 17664, 394
386, 2304, 400
387, 1536, 404
388, 1536, 405
389, 2304, 408
390, 1536, 412
391, 1536, 413
392, 51200, 417
393, 51200, 425
394, 34304, 433
395, 34304, 441
396, 18688, 448
397, 18432, 452
398, 18432, 453
399, 18688, 456
400, 18432, 460
401, 18432, 461
402, 18688, 464
403, 18432, 468
404, 18432, 469
405, 512, 474
406, 512, 482
407, 53248, 488
408, 49408, 492
409, 49408, 493
410, 53248, 496
411, 49408, 500
412, 49408, 501
413, 33024, 505
414, 28928, 515
415, 28928, 523
416, 13056, 529
417, 13056, 537
418, 65024, 544
419, 62208, 548
420, 62208, 549
421, 65024, 552
422, 62208, 556
423, 62208, 557
424, 48128, 560
425, 45824, 564
426, 45824, 565
427, 48128, 568
428, 45824, 572
429, 45824, 573
430, 29440, 577
431, 29440, 585
432, 29440, 593
433, 13312, 603
434, 13312, 611
435, 62976, 617
436, 62976, 625
437, 47872, 632
438, 46080, 636
439, 46080, 637
440, 28160, 643
441, 28160, 651
442, 11776, 657
443, 11776, 665
444, 57600, 672
445, 61440, 676
446, 61440, 677
447, 57600, 680
448, 61440, 684
449, 61440, 685
450, 41216, 688
451, 44544, 692
452, 44544, 693
453, 41216, 696
454, 44544, 700
455, 44544, 701
456, 28672, 705
457, 28672, 713
458, 28672, 721
459, 10496, 731
460, 10496, 739
461, 59648, 745
462, 59648, 753
463, 42496, 760
464, 43264, 764
465, 43264, 765
466, 39424, 770
467, 38912, 774
468, 39424, 778
469, 38912, 782
470, 54784, 784
471, 56064, 788
472, 56064, 789
473, 54784, 792
474, 56064, 796
475, 56064, 797
476, 6912, 801
477, 6912, 809
478, 23296, 817
479, 23296, 823
480, 23296, 825
481, 23296, 831
482, 37888, 832
483, 39680, 836
484, 39680, 837
485, 37888, 840
486, 39680, 844
487, 39680, 845
488, 37888, 848
489, 39680, 852
490, 39680, 853
491, 56576, 858
492, 56576, 866
493, 4864, 872
494, 7168, 876
495, 7168, 877
496, 4864, 880
497, 7168, 884
498, 7168, 885
499, 24064, 889
500, 23552, 895
501, 37376, 899
502, 37376, 907
503, 53760, 913
504, 53760, 921
505, 7936, 928
506, 4096, 932
507, 4096, 933
508, 7936, 936
509, 4096, 940
510, 4096, 941
511, 24320, 944
512, 20992, 948
513, 20992, 949
514, 24320, 952
515, 20992, 956
516, 20992, 957
517, 36864, 961
518, 37376, 967
519, 36864, 969
520, 37376, 975
521, 36864, 977
522, 37376, 983
523, 55040, 987
524, 55040, 995
525, 5888, 1001
526, 5888, 1007
527, 5888, 1009
528, 5888, 1015
529, 23040, 1016
530, 22272, 1020
531, 22272, 1021
532, 13070, 535
533, 13070, 543
534, 28174, 711
535, 28174, 719
536, 28174, 727
537, 50704, 423
538, 50704, 431
539, 16, 478
540, 16, 486
541, 62480, 623
542, 62480, 631
543, 17685, 390
544, 17685, 398
545, 33048, 511
546, 6944, 807
547, 6944, 815
548, 23072, 822
549, 23072, 830
550, 56608, 862
551, 56608, 870
552, 53280, 919
553, 53280, 927
554, 37152, 966
555, 37152, 974
556, 37152, 982
557, 34608, 438
558, 34608, 446
559, 29232, 582
560, 29232, 590
561, 29232, 598
562, 12080, 662
563, 12080, 670
564, 59440, 750
565, 59440, 758
566, 17472, 385
567, 17472, 393
568, 1856, 401
569, 1856, 409
570, 51264, 416
571, 51008, 418
572, 51264, 424
573, 51008, 426
574, 34624, 436
575, 34624, 437
576, 34624, 444
577, 34624, 445
578, 17984, 451
579, 18240, 455
580, 17984, 459
581, 18240, 463
582, 17984, 467
583, 18240, 471
584, 320, 473
585, 320, 481
586, 49216, 489
587, 49216, 497
588, 36672, 504
589, 32832, 506
590, 32320, 512
591, 28992, 514
592, 32320, 520
593, 28992, 522
594, 15680, 528
595, 12864, 530
596, 15680, 536
597, 12864, 538
598, 62016, 545
599, 62016, 553
600, 45888, 563
601, 45888, 571
602, 29248, 580
603, 29248, 581
604, 29248, 588
605, 29248, 589
606, 29248, 596
607, 29248, 597
608, 15168, 600
609, 13376, 602
610, 15168, 608
611, 13376, 610
612, 64064, 616
613, 62784, 618
614, 64064, 624
615, 62784, 626
616, 46400, 633
617, 27712, 644
618, 27712, 645
619, 27712, 652
620, 27712, 653
621, 12096, 660
622, 12096, 661
623, 12096, 668
624, 12096, 669
625, 60992, 675
626, 60992, 683
627, 44864, 689
628, 44864, 697
629, 24640, 704
630, 28480, 706
631, 24640, 712
632, 28480, 714
633, 24640, 720
634, 28480, 722
635, 10560, 732
636, 10560, 733
637, 10560, 734
638, 10560, 740
639, 10560, 741
640, 10560, 742
641, 59456, 748
642, 59456, 749
643, 59456, 756
644, 59456, 757
645, 43328, 763
646, 39232, 769
647, 39232, 777
648, 55872, 785
649, 55872, 793
650, 5440, 800
651, 6720, 802
652, 5440, 808
653, 6720, 810
654, 23104, 820
655, 23104, 821
656, 23104, 828
657, 23104, 829
658, 39744, 835
659, 39744, 843
660, 39744, 851
661, 56384, 857
662, 56384, 865
663, 7488, 873
664, 7488, 881
665, 21056, 888
666, 23872, 890
667, 40256, 896
668, 37440, 898
669, 40256, 904
670, 37440, 906
671, 56896, 912
672, 53568, 914
673, 56896, 920
674, 53568, 922
675, 4416, 929
676, 4416, 937
677, 20544, 947
678, 20544, 955
679, 37184, 964
680, 37184, 965
681, 37184, 972
682, 37184, 973
683, 37184, 980
684, 37184, 981
685, 55360, 984
686, 55104, 986
687, 55360, 992
688, 55104, 994
689, 6464, 1000
690, 5696, 1002
691, 6464, 1008
692, 5696, 1010
693, 22080, 1017
694, 45644, 567
695, 45644, 575
696, 27728, 646
697, 27728, 654
698, 61264, 679
699, 61264, 687
700, 43088, 767
701, 56160, 790
702, 56160, 798
703, 39520, 839
704, 39520, 847
705, 39520, 855
706, 4192, 934
707, 4192, 942
708, 20832, 951
709, 20832, 959
710, 54880, 991
711, 54880, 999
712, 28776, 519
713, 28776, 527
714, 46184, 638
715, 49520, 494
716, 49520, 502
717, 62320, 550
718, 62320, 558
719, 13680, 607
720, 13680, 615
721, 44656, 694
722, 44656, 702
723, 1650, 406
724, 1650, 414
725, 44720, 703
726, 17600, 395
727, 1984, 403
728, 1984, 411
729, 50880, 420
730, 50880, 421
731, 50880, 428
732, 50880, 429
733, 35264, 432
734, 34496, 434
735, 35264, 440
736, 34496, 442
737, 18112, 449
738, 18112, 457
739, 18112, 465
740, 448, 475
741, 448, 483
742, 49344, 491
743, 49344, 499
744, 33216, 508
745, 33216, 509
746, 28864, 516
747, 28864, 517
748, 28864, 524
749, 28864, 525
750, 62144, 547
751, 62144, 555
752, 46016, 561
753, 46016, 569
754, 31936, 576
755, 29632, 578
756, 31936, 584
757, 29632, 586
758, 31936, 592
759, 29632, 594
760, 13760, 604
761, 13760, 605
762, 13760, 612
763, 13760, 613
764, 62656, 620
765, 62656, 621
766, 62656, 628
767, 62656, 629
768, 46528, 635
769, 25280, 640
770, 28096, 642
771, 25280, 648
772, 28096, 650
773, 8640, 656
774, 11968, 658
775, 8640, 664
776, 11968, 666
777, 61120, 673
778, 61120, 681
779, 44992, 691
780, 44992, 699
781, 10176, 728
782, 10432, 730
783, 10176, 736
784, 10432, 738
785, 59072, 744
786, 59840, 746
787, 59072, 752
788, 59840, 754
789, 43456, 761
790, 39360, 771
791, 39360, 779
792, 56000, 787
793, 56256, 791
794, 56000, 795
795, 56256, 799
796, 7104, 804
797, 7104, 805
798, 7104, 806
799, 7104, 812
800, 7104, 813
801, 7104, 814
802, 21696, 816
803, 23488, 818
804, 21696, 824
805, 23488, 826
806, 39872, 833
807, 39872, 841
808, 39872, 849
809, 56512, 859
810, 56768, 863
811, 56512, 867
812, 56768, 871
813, 7616, 875
814, 7616, 883
815, 37824, 900
816, 37824, 901
817, 37824, 908
818, 37824, 909
819, 53440, 916
820, 53440, 917
821, 53440, 918
822, 53440, 924
823, 53440, 925
824, 53440, 926
825, 4544, 931
826, 4288, 935
827, 4544, 939
828, 4288, 943
829, 40896, 960
830, 37056, 962
831, 40896, 968
832, 37056, 970
833, 40896, 976
834, 37056, 978
835, 54976, 988
836, 54976, 989
837, 54976, 990
838, 54976, 996
839, 54976, 997
840, 54976, 998
841, 6080, 1004
842, 6080, 1005
843, 6080, 1012
844, 6080, 1013
845, 22208, 1019
846, 17600, 387
847, 17600, 395
848, 1984, 403
849, 1984, 411
850, 50880, 420
851, 50880, 421
852, 50880, 428
853, 50880, 429
854, 35264, 432
855, 34496, 434
856, 35264, 440
857, 34496, 442
858, 18112, 449
859, 18112, 457
860, 18112, 465
861, 448, 475
862, 448, 483
863, 49344, 491
864, 49344, 499
865, 33216, 508
866, 33216, 509
867, 28864, 516
868, 28864, 517
869, 28864, 524
870, 28864, 525
871, 62144, 547
872, 62144, 555
873, 46016, 561
874, 46016, 569
875, 31936, 576
876, 29632, 578
877, 31936, 584
878, 29632, 586
879, 31936, 592
880, 29632, 594
881, 13760, 604
882, 13760, 605
883, 13760, 612
884, 13760, 613
885, 62656, 620
886, 62656, 621
887, 62656, 628
888, 62656, 629
889, 46528, 635
890, 25280, 640
891, 28096, 642
892, 25280, 648
893, 28096, 650
894, 8640, 656
895, 11968, 658
896, 8640, 664
897, 11968, 666
898, 61120, 673
899, 61120, 681
900, 44992, 691
901, 44992, 699
902, 10176, 728
903, 10432, 730
904, 10176, 736
905, 10432, 738
906, 59072, 744
907, 59840, 746
908, 59072, 752
909, 59840, 754
910, 43456, 761
911, 39360, 771
912, 39360, 779
913, 56000, 787
914, 56256, 791
915, 56000, 795
916, 56256, 799
917, 7104, 804
918, 7104, 805
919, 7104, 806
920, 7104, 812
921, 7104, 813
922, 7104, 814
923, 21696, 816
924, 23488, 818
925, 21696, 824
926, 23488, 826
927, 39872, 833
928, 39872, 841
929, 39872, 849
930, 56512, 859
931, 56768, 863
932, 56512, 867
933, 56768, 871
934, 7616, 875
935, 7616, 883
936, 37824, 900
937, 37824, 901
938, 37824, 908
939, 37824, 909
940, 53440, 916
941, 53440, 917
942, 53440, 918
943, 53440, 924
944, 53440, 925
945, 53440, 926
946, 4544, 931
947, 4288, 935
948, 4544, 939
949, 4288, 943
950, 40896, 960
951, 37056, 962
952, 40896, 968
953, 37056, 970
954, 40896, 976
955, 37056, 978
956, 54976, 988
957, 54976, 989
958, 54976, 990
959, 54976, 996
960, 54976, 997
961, 54976, 998
962, 6080, 1004
963, 6080, 1005
964, 6080, 1012
965, 6080, 1013
966, 22208, 1019
967, 17872, 391
968, 17872, 399
969, 208, 479
970, 208, 487
971, 33232, 510
972, 13264, 534
973, 13264, 542
974, 62672, 622
975, 62672, 630
976, 28368, 710
977, 28368, 718
978, 28368, 726
979, 17872, 391
980, 17872, 399
981, 208, 479
982, 208, 487
983, 33232, 510
984, 13264, 534
985, 13264, 542
986, 62672, 622
987, 62672, 630
988, 28368, 710
989, 28368, 718
990, 28368, 726
991, 50900, 422
992, 50900, 430
993, 50900, 422
994, 50900, 430
995, 39136, 775
996, 39136, 783
997, 23776, 894
998, 6112, 1006
999, 6112, 1014
1000, 39136, 775
1001, 39136, 783
1002, 23776, 894
1003, 6112, 1006
1004, 6112, 1014
1005, 34800, 439
1006, 34800, 447
1007, 29424, 583
1008, 29424, 591
1009, 29424, 599
1010, 12272, 663
1011, 12272, 671
1012, 59632, 751
1013, 59632, 759
1014, 34800, 439
1015, 34800, 447
1016, 29424, 583
1017, 29424, 591
1018, 29424, 599
1019, 12272, 663
1020, 12272, 671
1021, 59632, 751
1022, 59632, 759
1023, 59632, 759
