Element, g_handles_front.hash, g_handles_front.index
0, 11520, 0
1, 8960, 1
2, 9216, 2
3, 9216, 3
4, 8704, 4
5, 8704, 5
6, 8704, 6
7, 8960, 7
8, 11520, 8
9, 8960, 9
10, 9216, 10
11, 9216, 11
12, 8704, 12
13, 8704, 13
14, 8704, 14
15, 8960, 15
16, 28672, 16
17, 24576, 17
18, 24832, 18
19, 24832, 19
20, 24832, 20
21, 24832, 21
22, 24832, 22
23, 25088, 23
24, 28672, 24
25, 24576, 25
26, 24832, 26
27, 24832, 27
28, 24832, 28
29, 24832, 29
30, 24832, 30
31, 25088, 31
32, 44800, 32
33, 41216, 33
34, 40960, 34
35, 40960, 35
36, 41472, 36
37, 41472, 37
38, 41472, 38
39, 41216, 39
40, 44800, 40
41, 41216, 41
42, 40960, 42
43, 40960, 43
44, 41472, 44
45, 41472, 45
46, 41472, 46
47, 41216, 47
48, 61184, 48
49, 57600, 49
50, 57856, 50
51, 57856, 51
52, 57344, 52
53, 57344, 53
54, 57344, 54
55, 57600, 55
56, 61184, 56
57, 57600, 57
58, 57856, 58
59, 57856, 59
60, 57344, 60
61, 57344, 61
62, 57344, 62
63, 57600, 63
64, 11776, 64
65, 8704, 65
66, 8448, 66
67, 8448, 67
68, 8448, 68
69, 8448, 69
70, 8448, 70
71, 8192, 71
72, 11776, 72
73, 8704, 73
74, 8448, 74
75, 8448, 75
76, 8448, 76
77, 8448, 77
78, 8448, 78
79, 8192, 79
80, 11776, 80
81, 8704, 81
82, 8448, 82
83, 8448, 83
84, 8448, 84
85, 8448, 85
86, 8448, 86
87, 8192, 87
88, 27136, 88
89, 26112, 89
90, 26368, 90
91, 26368, 91
92, 26368, 92
93, 26368, 93
94, 26368, 94
95, 26624, 95
96, 27136, 96
97, 26112, 97
98, 26368, 98
99, 26368, 99
100, 26368, 100
101, 26368, 101
102, 26368, 102
103, 26624, 103
104, 43264, 104
105, 42752, 105
106, 43008, 106
107, 43008, 107
108, 42496, 108
109, 42496, 109
110, 42496, 110
111, 42752, 111
112, 43264, 112
113, 42752, 113
114, 43008, 114
115, 43008, 115
116, 42496, 116
117, 42496, 117
118, 42496, 118
119, 42752, 119
120, 59392, 120
121, 59392, 121
122, 59136, 122
123, 59136, 123
124, 59136, 124
125, 59136, 125
126, 59136, 126
127, 58880, 127
128, 21248, 128
129, 23808, 129
130, 23552, 130
131, 23552, 131
132, 24064, 132
133, 24064, 133
134, 24064, 134
135, 23808, 135
136, 21248, 136
137, 23808, 137
138, 23552, 138
139, 23552, 139
140, 24064, 140
141, 24064, 141
142, 24064, 142
143, 23808, 143
144, 4096, 144
145, 8192, 145
146, 7936, 146
147, 7936, 147
148, 7936, 148
149, 7936, 149
150, 7936, 150
151, 7680, 151
152, 4096, 152
153, 8192, 153
154, 7936, 154
155, 7936, 155
156, 7936, 156
157, 7936, 157
158, 7936, 158
159, 7680, 159
160, 53504, 160
161, 57088, 161
162, 57344, 162
163, 57344, 163
164, 56832, 164
165, 56832, 165
166, 56832, 166
167, 57088, 167
168, 53504, 168
169, 57088, 169
170, 57344, 170
171, 57344, 171
172, 56832, 172
173, 56832, 173
174, 56832, 174
175, 57088, 175
176, 37120, 176
177, 40704, 177
178, 40448, 178
179, 40448, 179
180, 40960, 180
181, 40960, 181
182, 40960, 182
183, 40704, 183
184, 37120, 184
185, 40704, 185
186, 40448, 186
187, 40448, 187
188, 40960, 188
189, 40960, 189
190, 40960, 190
191, 40704, 191
192, 20992, 192
193, 24064, 193
194, 24320, 194
195, 24320, 195
196, 24320, 196
197, 24320, 197
198, 24320, 198
199, 24576, 199
200, 20992, 200
201, 24064, 201
202, 24320, 202
203, 24320, 203
204, 24320, 204
205, 24320, 205
206, 24320, 206
207, 24576, 207
208, 20992, 208
209, 24064, 209
210, 24320, 210
211, 24320, 211
212, 24320, 212
213, 24320, 213
214, 24320, 214
215, 24576, 215
216, 5632, 216
217, 6656, 217
218, 6400, 218
219, 6400, 219
220, 6400, 220
221, 6400, 221
222, 6400, 222
223, 6144, 223
224, 5632, 224
225, 6656, 225
226, 6400, 226
227, 6400, 227
228, 6400, 228
229, 6400, 229
230, 6400, 230
231, 6144, 231
232, 55040, 232
233, 55552, 233
234, 55296, 234
235, 55296, 235
236, 55808, 236
237, 55808, 237
238, 55808, 238
239, 55552, 239
240, 55040, 240
241, 55552, 241
242, 55296, 242
243, 55296, 243
244, 55808, 244
245, 55808, 245
246, 55808, 246
247, 55552, 247
248, 38912, 248
249, 38912, 249
250, 39168, 250
251, 39168, 251
252, 39168, 252
253, 39168, 253
254, 39168, 254
255, 39424, 255
256, 18432, 256
257, 18432, 257
258, 18688, 258
259, 18688, 259
260, 18688, 260
261, 18688, 261
262, 18688, 262
263, 18944, 263
264, 18432, 264
265, 18432, 265
266, 18688, 266
267, 18688, 267
268, 18688, 268
269, 18688, 269
270, 18688, 270
271, 18944, 271
272, 1280, 272
273, 2816, 273
274, 3072, 274
275, 3072, 275
276, 2560, 276
277, 2560, 277
278, 2560, 278
279, 2816, 279
280, 1280, 280
281, 2816, 281
282, 3072, 282
283, 3072, 283
284, 2560, 284
285, 2560, 285
286, 2560, 286
287, 2816, 287
288, 50176, 288
289, 52224, 289
290, 51968, 290
291, 51968, 291
292, 51968, 292
293, 51968, 293
294, 51968, 294
295, 51712, 295
296, 50176, 296
297, 52224, 297
298, 51968, 298
299, 51968, 299
300, 51968, 300
301, 51968, 301
302, 51968, 302
303, 51712, 303
304, 34304, 304
305, 35328, 305
306, 35584, 306
307, 35584, 307
308, 35584, 308
309, 35584, 309
310, 35584, 310
311, 35840, 311
312, 34304, 312
313, 35328, 313
314, 35584, 314
315, 35584, 315
316, 35584, 316
317, 35584, 317
318, 35584, 318
319, 35840, 319
320, 17664, 320
321, 19200, 321
322, 18944, 322
323, 18944, 323
324, 19456, 324
325, 19456, 325
326, 19456, 326
327, 19200, 327
328, 17664, 328
329, 19200, 329
330, 18944, 330
331, 18944, 331
332, 19456, 332
333, 19456, 333
334, 19456, 334
335, 19200, 335
336, 17664, 336
337, 19200, 337
338, 18944, 338
339, 18944, 339
340, 19456, 340
341, 19456, 341
342, 19456, 342
343, 19200, 343
344, 768, 344
345, 3328, 345
346, 3584, 346
347, 3584, 347
348, 3072, 348
349, 3072, 349
350, 3072, 350
351, 3328, 351
352, 768, 352
353, 3328, 353
354, 3584, 354
355, 3584, 355
356, 3072, 356
357, 3072, 357
358, 3072, 358
359, 3328, 359
360, 50176, 360
361, 52224, 361
362, 52480, 362
363, 52480, 363
364, 52480, 364
365, 52480, 365
366, 52480, 366
367, 52736, 367
368, 50176, 368
369, 52224, 369
370, 52480, 370
371, 52480, 371
372, 52480, 372
373, 52480, 373
374, 52480, 374
375, 52736, 375
376, 33536, 376
377, 36096, 377
378, 35840, 378
379, 35840, 379
380, 36352, 380
381, 36352, 381
382, 36352, 382
383, 36096, 383
384, 17664, 386
385, 17664, 394
386, 2304, 400
387, 1536, 404
388, 1536, 405
389, 2304, 408
390, 1536, 412
391, 1536, 413
392, 51200, 417
393, 51200, 425
394, 34304, 433
395, 34304, 441
396, 18688, 448
397, 18432, 452
398, 18432, 453
399, 18688, 456
400, 18432, 460
401, 18432, 461
402, 18688, 464
403, 18432, 468
404, 18432, 469
405, 512, 474
406, 512, 482
407, 53248, 488
408, 49408, 492
409, 49408, 493
410, 53248, 496
411, 49408, 500
412, 49408, 501
413, 33024, 505
414, 50704, 423
415, 50704, 431
416, 16, 478
417, 16, 486
418, 17685, 390
419, 17685, 398
420, 33048, 511
421, 34608, 438
422, 34608, 446
423, 17472, 385
424, 17472, 393
425, 1856, 401
426, 1856, 409
427, 51264, 416
428, 51008, 418
429, 51264, 424
430, 51008, 426
431, 34624, 436
432, 34624, 437
433, 34624, 444
434, 34624, 445
435, 17984, 451
436, 18240, 455
437, 17984, 459
438, 18240, 463
439, 17984, 467
440, 18240, 471
441, 320, 473
442, 320, 481
443, 49216, 489
444, 49216, 497
445, 36672, 504
446, 32832, 506
447, 49520, 494
448, 49520, 502
449, 1650, 406
450, 1650, 414
451, 19328, 384
452, 17792, 388
453, 17792, 389
454, 19328, 392
455, 17792, 396
456, 17792, 397
457, 1920, 402
458, 1920, 410
459, 51072, 419
460, 51072, 427
461, 34432, 435
462, 34432, 443
463, 18048, 450
464, 18048, 458
465, 18048, 466
466, 3712, 472
467, 128, 476
468, 128, 477
469, 3712, 480
470, 128, 484
471, 128, 485
472, 49280, 490
473, 49280, 498
474, 32896, 507
475, 18320, 454
476, 18320, 462
477, 18320, 470
478, 1712, 407
479, 1712, 415
480, 49584, 495
481, 49584, 503
482, 17600, 387
483, 17600, 395
484, 1984, 403
485, 1984, 411
486, 50880, 420
487, 50880, 421
488, 50880, 428
489, 50880, 429
490, 35264, 432
491, 34496, 434
492, 35264, 440
493, 34496, 442
494, 18112, 449
495, 18112, 457
496, 18112, 465
497, 448, 475
498, 448, 483
499, 49344, 491
500, 49344, 499
501, 33216, 508
502, 33216, 509
503, 17872, 391
504, 17872, 399
505, 208, 479
506, 208, 487
507, 33232, 510
508, 50900, 422
509, 50900, 430
510, 34800, 439
511, 34800, 447
512, 28928, 515
513, 28928, 523
514, 13056, 529
515, 13056, 537
516, 65024, 544
517, 62208, 548
518, 62208, 549
519, 65024, 552
520, 62208, 556
521, 62208, 557
522, 48128, 560
523, 45824, 564
524, 45824, 565
525, 48128, 568
526, 45824, 572
527, 45824, 573
528, 29440, 577
529, 29440, 585
530, 29440, 593
531, 13312, 603
532, 13312, 611
533, 62976, 617
534, 62976, 625
535, 47872, 632
536, 46080, 636
537, 46080, 637
538, 28160, 643
539, 28160, 651
540, 11776, 657
541, 11776, 665
542, 57600, 672
543, 61440, 676
544, 61440, 677
545, 57600, 680
546, 61440, 684
547, 61440, 685
548, 41216, 688
549, 44544, 692
550, 44544, 693
551, 41216, 696
552, 44544, 700
553, 44544, 701
554, 28672, 705
555, 28672, 713
556, 28672, 721
557, 10496, 731
558, 10496, 739
559, 59648, 745
560, 59648, 753
561, 42496, 760
562, 43264, 764
563, 43264, 765
564, 13070, 535
565, 13070, 543
566, 28174, 711
567, 28174, 719
568, 28174, 727
569, 62480, 623
570, 62480, 631
571, 29232, 582
572, 29232, 590
573, 29232, 598
574, 12080, 662
575, 12080, 670
576, 59440, 750
577, 59440, 758
578, 32320, 512
579, 28992, 514
580, 32320, 520
581, 28992, 522
582, 15680, 528
583, 12864, 530
584, 15680, 536
585, 12864, 538
586, 62016, 545
587, 62016, 553
588, 45888, 563
589, 45888, 571
590, 29248, 580
591, 29248, 581
592, 29248, 588
593, 29248, 589
594, 29248, 596
595, 29248, 597
596, 15168, 600
597, 13376, 602
598, 15168, 608
599, 13376, 610
600, 64064, 616
601, 62784, 618
602, 64064, 624
603, 62784, 626
604, 46400, 633
605, 27712, 644
606, 27712, 645
607, 27712, 652
608, 27712, 653
609, 12096, 660
610, 12096, 661
611, 12096, 668
612, 12096, 669
613, 60992, 675
614, 60992, 683
615, 44864, 689
616, 44864, 697
617, 24640, 704
618, 28480, 706
619, 24640, 712
620, 28480, 714
621, 24640, 720
622, 28480, 722
623, 10560, 732
624, 10560, 733
625, 10560, 734
626, 10560, 740
627, 10560, 741
628, 10560, 742
629, 59456, 748
630, 59456, 749
631, 59456, 756
632, 59456, 757
633, 43328, 763
634, 45644, 567
635, 45644, 575
636, 27728, 646
637, 27728, 654
638, 61264, 679
639, 61264, 687
640, 43088, 767
641, 28776, 519
642, 28776, 527
643, 46184, 638
644, 62320, 550
645, 62320, 558
646, 13680, 607
647, 13680, 615
648, 44656, 694
649, 44656, 702
650, 29056, 513
651, 29056, 521
652, 12928, 531
653, 13184, 532
654, 13184, 533
655, 12928, 539
656, 13184, 540
657, 13184, 541
658, 62080, 546
659, 62080, 554
660, 45952, 562
661, 45952, 570
662, 29568, 579
663, 29568, 587
664, 29568, 595
665, 13440, 601
666, 13440, 609
667, 62848, 619
668, 62848, 627
669, 46464, 634
670, 28032, 641
671, 28032, 649
672, 11904, 659
673, 11904, 667
674, 61056, 674
675, 61056, 682
676, 44928, 690
677, 44928, 698
678, 28544, 707
679, 28288, 708
680, 28288, 709
681, 28544, 715
682, 28288, 716
683, 28288, 717
684, 28544, 723
685, 28288, 724
686, 28288, 725
687, 10368, 729
688, 10368, 737
689, 59776, 747
690, 59776, 755
691, 43392, 762
692, 27784, 647
693, 27784, 655
694, 43146, 766
695, 45712, 566
696, 45712, 574
697, 61328, 678
698, 61328, 686
699, 10640, 735
700, 10640, 743
701, 28848, 518
702, 28848, 526
703, 62384, 551
704, 62384, 559
705, 13744, 606
706, 13744, 614
707, 46256, 639
708, 44720, 695
709, 44720, 703
710, 28864, 516
711, 28864, 517
712, 28864, 524
713, 28864, 525
714, 62144, 547
715, 62144, 555
716, 46016, 561
717, 46016, 569
718, 31936, 576
719, 29632, 578
720, 31936, 584
721, 29632, 586
722, 31936, 592
723, 29632, 594
724, 13760, 604
725, 13760, 605
726, 13760, 612
727, 13760, 613
728, 62656, 620
729, 62656, 621
730, 62656, 628
731, 62656, 629
732, 46528, 635
733, 25280, 640
734, 28096, 642
735, 25280, 648
736, 28096, 650
737, 8640, 656
738, 11968, 658
739, 8640, 664
740, 11968, 666
741, 61120, 673
742, 61120, 681
743, 44992, 691
744, 44992, 699
745, 10176, 728
746, 10432, 730
747, 10176, 736
748, 10432, 738
749, 59072, 744
750, 59840, 746
751, 59072, 752
752, 59840, 754
753, 43456, 761
754, 13264, 534
755, 13264, 542
756, 62672, 622
757, 62672, 630
758, 28368, 710
759, 28368, 718
760, 28368, 726
761, 29424, 583
762, 29424, 591
763, 29424, 599
764, 12272, 663
765, 12272, 671
766, 59632, 751
767, 59632, 759
768, 39424, 770
769, 38912, 774
770, 39424, 778
771, 38912, 782
772, 54784, 784
773, 56064, 788
774, 56064, 789
775, 54784, 792
776, 56064, 796
777, 56064, 797
778, 6912, 801
779, 6912, 809
780, 23296, 817
781, 23296, 823
782, 23296, 825
783, 23296, 831
784, 37888, 832
785, 39680, 836
786, 39680, 837
787, 37888, 840
788, 39680, 844
789, 39680, 845
790, 37888, 848
791, 39680, 852
792, 39680, 853
793, 56576, 858
794, 56576, 866
795, 4864, 872
796, 7168, 876
797, 7168, 877
798, 4864, 880
799, 7168, 884
800, 7168, 885
801, 24064, 889
802, 23552, 895
803, 37376, 899
804, 37376, 907
805, 53760, 913
806, 53760, 921
807, 7936, 928
808, 4096, 932
809, 4096, 933
810, 7936, 936
811, 4096, 940
812, 4096, 941
813, 24320, 944
814, 20992, 948
815, 20992, 949
816, 24320, 952
817, 20992, 956
818, 20992, 957
819, 36864, 961
820, 37376, 967
821, 36864, 969
822, 37376, 975
823, 36864, 977
824, 37376, 983
825, 55040, 987
826, 55040, 995
827, 5888, 1001
828, 5888, 1007
829, 5888, 1009
830, 5888, 1015
831, 23040, 1016
832, 22272, 1020
833, 22272, 1021
834, 6944, 807
835, 6944, 815
836, 23072, 822
837, 23072, 830
838, 56608, 862
839, 56608, 870
840, 53280, 919
841, 53280, 927
842, 37152, 966
843, 37152, 974
844, 37152, 982
845, 39232, 769
846, 39232, 777
847, 55872, 785
848, 55872, 793
849, 5440, 800
850, 6720, 802
851, 5440, 808
852, 6720, 810
853, 23104, 820
854, 23104, 821
855, 23104, 828
856, 23104, 829
857, 39744, 835
858, 39744, 843
859, 39744, 851
860, 56384, 857
861, 56384, 865
862, 7488, 873
863, 7488, 881
864, 21056, 888
865, 23872, 890
866, 40256, 896
867, 37440, 898
868, 40256, 904
869, 37440, 906
870, 56896, 912
871, 53568, 914
872, 56896, 920
873, 53568, 922
874, 4416, 929
875, 4416, 937
876, 20544, 947
877, 20544, 955
878, 37184, 964
879, 37184, 965
880, 37184, 972
881, 37184, 973
882, 37184, 980
883, 37184, 981
884, 55360, 984
885, 55104, 986
886, 55360, 992
887, 55104, 994
888, 6464, 1000
889, 5696, 1002
890, 6464, 1008
891, 5696, 1010
892, 22080, 1017
893, 56160, 790
894, 56160, 798
895, 39520, 839
896, 39520, 847
897, 39520, 855
898, 4192, 934
899, 4192, 942
900, 20832, 951
901, 20832, 959
902, 54880, 991
903, 54880, 999
904, 38528, 768
905, 39040, 772
906, 39040, 773
907, 38528, 776
908, 39040, 780
909, 39040, 781
910, 55936, 786
911, 55936, 794
912, 6784, 803
913, 6784, 811
914, 23424, 819
915, 23424, 827
916, 39808, 834
917, 39552, 838
918, 39808, 842
919, 39552, 846
920, 39808, 850
921, 39552, 854
922, 54144, 856
923, 56704, 860
924, 56704, 861
925, 54144, 864
926, 56704, 868
927, 56704, 869
928, 7552, 874
929, 7296, 878
930, 7552, 882
931, 7296, 886
932, 23936, 891
933, 23680, 892
934, 23680, 893
935, 37504, 897
936, 37760, 903
937, 37504, 905
938, 37760, 911
939, 53632, 915
940, 53632, 923
941, 4480, 930
942, 4480, 938
943, 20608, 945
944, 20608, 946
945, 20864, 950
946, 20608, 953
947, 20608, 954
948, 20864, 958
949, 36992, 963
950, 36992, 971
951, 36992, 979
952, 55168, 985
953, 55168, 993
954, 5760, 1003
955, 5760, 1011
956, 22144, 1018
957, 22400, 1022
958, 7328, 879
959, 7328, 887
960, 37792, 902
961, 37792, 910
962, 22432, 1023
963, 39360, 771
964, 39360, 779
965, 56000, 787
966, 56256, 791
967, 56000, 795
968, 56256, 799
969, 7104, 804
970, 7104, 805
971, 7104, 806
972, 7104, 812
973, 7104, 813
974, 7104, 814
975, 21696, 816
976, 23488, 818
977, 21696, 824
978, 23488, 826
979, 39872, 833
980, 39872, 841
981, 39872, 849
982, 56512, 859
983, 56768, 863
984, 56512, 867
985, 56768, 871
986, 7616, 875
987, 7616, 883
988, 37824, 900
989, 37824, 901
990, 37824, 908
991, 37824, 909
992, 53440, 916
993, 53440, 917
994, 53440, 918
995, 53440, 924
996, 53440, 925
997, 53440, 926
998, 4544, 931
999, 4288, 935
1000, 4544, 939
1001, 4288, 943
1002, 40896, 960
1003, 37056, 962
1004, 40896, 968
1005, 37056, 970
1006, 40896, 976
1007, 37056, 978
1008, 54976, 988
1009, 54976, 989
1010, 54976, 990
1011, 54976, 996
1012, 54976, 997
1013, 54976, 998
1014, 6080, 1004
1015, 6080, 1005
1016, 6080, 1012
1017, 6080, 1013
1018, 22208, 1019
1019, 39136, 775
1020, 39136, 783
1021, 23776, 894
1022, 6112, 1006
1023, 6112, 1014
